HDI rank,Country,Value (2015),Rank (2015),"Maternal mortality ratio (deaths per 100,000 live births)","Adolescent birth rate (births per 1,000 women ages 15–19)",Share of seats in parliament (% held by women),% Female population with at least some secondary education,% Male population with at least some secondary education,Female Labour force participation rate,Male Labour force participation rate1,Norway,0.05,6.00,5.00,5.90,39.64,96.07,94.60,61.18,68.532,Australia,0.12,24.00,6.00,14.13,30.53,91.37,91.53,58.57,70.922,Switzerland,0.04,1.00,5.00,2.95,28.86,96.07,97.36,62.68,74.854,Germany,0.07,9.00,6.00,6.69,36.86,96.38,96.96,54.53,66.435,Denmark,0.04,2.00,6.00,4.04,37.43,89.08,98.53,58.04,66.165,Singapore,0.07,11.00,10.00,3.82,23.91,75.52,81.92,58.24,76.437,Netherlands,0.04,3.00,7.00,3.99,36.44,86.18,90.28,57.53,70.248,Ireland,0.13,26.00,8.00,10.43,19.91,86.76,82.22,52.38,67.829,Iceland,0.05,5.00,3.00,6.07,41.27,100.00,97.18,70.66,77.5010,Canada,0.10,18.00,7.00,9.77,28.27,100.00,100.00,60.97,70.2810,United States,0.20,43.00,14.00,22.63,19.48,95.43,95.08,56.01,68.4312,"Hong Kong, China (SAR)",..,..,..,3.20,..,80.87,74.66,53.35,68.4513,New Zealand,0.16,34.00,11.00,23.60,31.40,98.80,98.69,62.44,73.0814,Sweden,0.05,4.00,4.00,5.66,43.55,87.77,88.26,60.86,68.2415,Liechtenstein,..,..,..,..,20.00,..,..,..,..16,United Kingdom,0.13,28.00,9.00,14.64,26.75,81.34,84.57,56.92,68.7117,Japan,0.12,21.00,5.00,4.07,11.58,93.04,90.64,49.12,70.1618,Korea (Republic of),0.07,10.00,11.00,1.62,16.33,88.84,94.56,50.01,71.8219,Israel,0.10,20.00,5.00,9.69,26.67,87.30,90.33,58.86,69.3720,Luxembourg,0.07,13.00,10.00,5.94,28.33,100.58,99.43,52.20,66.1121,France,0.10,19.00,8.00,8.93,25.73,79.72,85.51,50.72,60.0522,Belgium,0.07,12.00,7.00,8.22,42.38,80.15,84.68,48.21,59.2623,Finland,0.06,8.00,3.00,6.52,41.50,100.00,100.00,55.03,62.1424,Austria,0.08,14.00,4.00,7.08,30.33,98.67,99.20,54.73,66.0325,Slovenia,0.05,6.00,9.00,3.78,27.69,96.46,98.28,52.18,62.9626,Italy,0.08,16.00,4.00,6.01,30.07,79.09,83.30,39.31,58.1427,Spain,0.08,15.00,5.00,8.42,37.99,70.89,76.71,52.35,64.7728,Czech Republic,0.13,27.00,4.00,9.91,19.57,99.81,99.81,51.10,68.2229,Greece,0.12,23.00,3.00,7.45,19.67,63.68,71.67,43.94,59.9730,Brunei Darussalam,..,..,23.00,20.95,..,67.65,69.55,50.95,75.3330,Estonia,0.13,28.00,9.00,13.05,23.76,100.00,100.00,55.45,69.5332,Andorra,..,..,..,..,39.29,72.03,73.66,..,..33,Cyprus,0.12,21.00,7.00,4.99,12.50,77.01,82.67,57.47,70.1633,Malta,0.22,44.00,9.00,16.61,12.86,72.69,81.16,38.81,65.9733,Qatar,0.54,127.00,13.00,10.69,0.00,70.91,67.79,53.65,94.2136,Poland,0.14,30.00,3.00,13.40,24.82,81.08,86.94,49.14,65.2637,Lithuania,0.12,25.00,10.00,11.00,23.40,91.05,95.62,53.91,65.4638,Chile,0.32,65.00,22.00,47.81,15.82,76.11,76.89,50.66,74.6338,Saudi Arabia,0.26,50.00,12.00,8.82,19.87,63.31,72.13,20.06,79.1340,Slovakia,0.18,39.00,6.00,20.17,18.67,99.20,99.50,51.40,68.3241,Portugal,0.09,17.00,10.00,9.87,34.78,50.78,52.22,53.58,64.1742,United Arab Emirates,0.23,46.00,6.00,29.66,22.50,77.42,64.49,41.90,91.5643,Hungary,0.25,49.00,17.00,17.96,10.10,95.56,97.89,46.41,62.5144,Latvia,0.19,41.00,18.00,13.63,18.00,99.31,98.85,54.37,67.7245,Argentina,0.36,77.00,52.00,63.82,37.08,63.51,61.36,48.39,74.4745,Croatia,0.14,31.00,8.00,9.55,15.23,92.00,96.05,46.41,58.7347,Bahrain,0.23,48.00,15.00,13.48,15.00,61.58,55.56,39.20,85.3948,Montenegro,0.16,33.00,7.00,12.25,17.28,86.91,96.23,41.95,56.1249,Russian Federation,0.27,52.00,25.00,23.43,14.52,94.61,94.74,56.64,71.6850,Romania,0.34,72.00,31.00,34.58,11.95,86.12,92.24,47.57,64.9151,Kuwait,0.33,70.00,4.00,9.80,1.54,56.78,58.07,48.39,84.4652,Belarus,0.14,32.00,4.00,18.20,29.17,87.00,92.21,54.51,68.2252,Oman,0.28,54.00,17.00,8.06,8.24,59.78,57.13,30.05,85.6354,Barbados,0.29,59.00,27.00,40.68,19.61,93.02,90.58,62.35,70.7154,Uruguay,0.28,55.00,15.00,56.15,19.23,54.97,51.58,55.42,76.3256,Bulgaria,0.22,45.00,11.00,37.71,20.42,93.07,95.54,48.61,60.1456,Kazakhstan,0.20,42.00,12.00,27.89,20.13,99.68,100.00,66.07,76.9858,Bahamas,0.36,77.00,80.00,29.61,16.67,87.36,87.64,69.43,79.1459,Malaysia,0.29,59.00,40.00,13.56,13.24,75.42,79.07,49.27,77.6260,Palau,..,..,..,..,10.34,..,..,..,..60,Panama,0.46,100.00,94.00,74.53,18.31,70.08,66.13,50.53,80.4662,Antigua and Barbuda,..,..,..,44.77,25.71,..,..,..,..63,Seychelles,..,..,..,57.42,43.75,..,..,..,..64,Mauritius,0.38,82.00,53.00,28.46,11.59,56.95,61.98,46.78,74.8765,Trinidad and Tobago,0.32,67.00,63.00,31.50,31.51,70.58,68.36,52.58,73.5766,Costa Rica,0.31,63.00,25.00,56.53,33.33,54.50,53.84,46.78,76.5666,Serbia,0.18,40.00,17.00,19.01,34.00,82.34,91.59,43.37,60.0968,Cuba,0.30,62.00,39.00,45.64,48.86,83.91,86.71,42.55,68.6569,Iran (Islamic Republic of),0.51,118.00,25.00,26.72,3.10,66.78,70.22,16.17,72.7370,Georgia,0.36,76.00,36.00,39.73,11.33,96.13,97.41,57.27,78.4171,Turkey,0.33,69.00,16.00,27.61,14.91,43.48,64.77,30.35,71.4471,Venezuela (Bolivarian Republic of),0.46,101.00,95.00,79.36,16.97,72.56,64.96,51.43,78.4073,Sri Lanka,0.39,87.00,30.00,14.76,4.89,80.18,80.55,30.23,75.6474,Saint Kitts and Nevis,..,..,..,..,13.33,..,..,..,..75,Albania,0.27,51.00,29.00,21.66,20.71,90.20,90.45,40.33,60.6676,Lebanon,0.38,83.00,15.00,12.42,3.13,53.02,55.39,23.46,70.2677,Mexico,0.35,73.00,38.00,62.83,40.58,56.06,59.04,45.38,79.5078,Azerbaijan,0.33,68.00,25.00,59.78,16.94,93.85,97.52,61.86,68.3279,Brazil,0.41,92.00,44.00,67.03,10.77,59.09,55.17,56.31,78.5279,Grenada,..,..,27.00,30.53,25.00,..,..,..,..81,Bosnia and Herzegovina,0.16,34.00,11.00,8.64,19.30,69.49,87.45,34.43,58.0282,The former Yugoslav Republic of Macedonia,0.16,36.00,8.00,17.56,33.33,40.16,55.60,43.89,68.1183,Algeria,0.43,94.00,140.00,10.63,25.74,34.14,35.73,16.82,70.4484,Armenia,0.29,61.00,25.00,22.99,10.69,98.47,98.07,54.89,73.5884,Ukraine,0.28,55.00,24.00,24.12,12.09,94.35,95.98,52.16,67.3886,Jordan,0.48,111.00,58.00,23.20,11.56,78.45,82.74,14.24,64.3687,Peru,0.39,86.00,68.00,49.06,22.31,56.20,66.96,65.73,82.6187,Thailand,0.37,79.00,20.00,44.62,6.09,40.91,45.80,62.94,80.1889,Ecuador,0.39,88.00,64.00,75.89,41.61,48.24,49.36,48.95,79.7090,China,0.16,37.00,27.00,7.31,23.62,69.81,79.42,63.58,77.9391,Fiji,0.36,75.00,30.00,44.81,16.00,73.88,66.48,37.03,71.2992,Mongolia,0.28,53.00,44.00,15.67,14.47,89.67,85.83,56.47,68.7992,Saint Lucia,0.35,74.00,48.00,53.91,20.69,48.24,41.99,63.05,76.4894,Jamaica,0.42,93.00,89.00,59.67,16.67,67.07,59.38,57.67,72.2095,Colombia,0.39,89.00,64.00,50.18,20.90,50.27,59.60,57.92,79.8196,Dominica,..,..,..,..,21.88,..,..,..,..97,Suriname,0.45,99.00,155.00,46.13,25.49,57.72,56.79,40.51,68.6397,Tunisia,0.29,58.00,62.00,6.80,31.34,37.53,49.94,25.08,71.2999,Dominican Republic,0.47,107.00,92.00,97.89,19.07,57.18,55.48,52.26,78.7099,Saint Vincent and the Grenadines,..,..,45.00,51.03,13.04,..,..,56.31,77.18101,Tonga,0.66,152.00,124.00,15.15,0.00,91.25,91.11,52.78,74.05102,Libya,0.17,38.00,9.00,6.19,15.96,65.65,44.22,27.83,78.75103,Belize,0.38,81.00,28.00,65.90,13.33,77.89,77.35,56.28,83.64104,Samoa,0.44,97.00,51.00,24.95,6.12,77.81,70.39,23.13,58.01105,Maldives,0.31,64.00,68.00,6.75,5.88,34.30,30.87,57.29,78.83105,Uzbekistan,0.29,57.00,36.00,17.71,16.40,99.86,99.92,48.34,76.17107,Moldova (Republic of),0.23,46.00,23.00,22.63,21.78,95.21,97.31,38.76,45.63108,Botswana,0.44,95.00,129.00,32.31,9.52,85.12,86.69,73.45,81.32109,Gabon,0.54,127.00,291.00,99.95,15.98,62.30,45.94,39.89,57.53110,Paraguay,0.46,104.00,132.00,57.42,16.80,46.23,47.05,58.07,84.56111,Egypt,0.57,135.00,33.00,51.88,2.18,54.53,68.20,22.76,76.08111,Turkmenistan,..,..,42.00,16.37,25.81,..,..,47.25,77.55113,Indonesia,0.47,105.00,126.00,49.63,17.12,42.93,51.74,50.88,83.85114,"Palestine, State of",..,..,45.00,58.62,..,56.27,61.24,17.82,69.11115,Viet Nam,0.34,71.00,54.00,38.63,24.30,63.97,76.72,73.78,83.16116,Philippines,0.44,96.00,114.00,61.71,27.07,72.84,70.27,50.52,78.83117,El Salvador,0.38,85.00,54.00,65.24,32.14,39.44,44.84,49.11,79.16118,Bolivia (Plurinational State of),0.45,98.00,206.00,70.79,51.81,49.61,58.73,63.88,82.54119,South Africa,0.39,90.00,138.00,45.51,41.19,73.70,76.23,46.22,60.22120,Kyrgyzstan,0.39,90.00,76.00,39.60,19.17,100.00,99.93,49.40,77.05121,Iraq,0.53,123.00,50.00,84.04,26.52,35.79,55.48,15.10,69.73122,Cabo Verde,..,..,42.00,73.41,20.83,..,..,53.18,84.15123,Morocco,0.49,113.00,121.00,31.72,15.73,25.74,33.24,25.33,74.33124,Nicaragua,0.46,103.00,150.00,88.84,41.30,45.73,44.06,49.13,80.35125,Guatemala,0.49,113.00,88.00,80.75,13.92,37.38,36.24,41.25,83.59125,Namibia,0.47,108.00,265.00,76.81,37.69,38.09,39.05,55.71,63.33127,Guyana,0.51,117.00,229.00,88.00,30.43,68.14,53.24,41.79,77.18127,Micronesia (Federated States of),..,..,100.00,14.98,0.00,..,..,..,..129,Tajikistan,0.32,65.00,32.00,38.07,14.74,98.05,88.24,59.45,77.51130,Honduras,0.46,101.00,129.00,64.96,25.78,33.38,31.08,47.17,84.43131,India,0.53,125.00,174.00,24.48,12.21,35.33,61.40,26.80,79.11132,Bhutan,0.48,110.00,148.00,21.44,8.33,5.84,13.45,58.71,72.77133,Timor-Leste,..,..,215.00,46.60,38.46,..,..,26.77,55.52134,Vanuatu,..,..,78.00,43.09,0.00,..,..,61.64,80.52135,Congo,0.59,141.00,442.00,117.68,11.54,44.98,49.95,67.06,72.62135,Equatorial Guinea,..,..,342.00,108.66,19.65,..,..,71.32,92.02137,Kiribati,..,..,90.00,17.17,8.70,..,..,..,..138,Lao People's Democratic Republic,0.47,106.00,197.00,64.14,25.00,30.42,42.84,77.72,77.04139,Bangladesh,0.52,119.00,176.00,83.02,20.00,42.01,44.26,43.13,80.98139,Ghana,0.55,131.00,319.00,66.81,10.91,51.84,68.51,75.48,78.52139,Zambia,0.53,124.00,224.00,90.44,12.66,52.33,48.87,69.82,80.89142,Sao Tome and Principe,0.52,122.00,156.00,84.31,18.18,30.83,44.82,45.29,76.19143,Cambodia,0.48,112.00,161.00,51.61,19.02,13.17,26.11,75.53,86.72144,Nepal,0.50,115.00,258.00,71.91,29.55,24.10,41.24,79.66,86.77145,Myanmar,0.37,80.00,178.00,16.48,13.03,27.15,20.01,75.13,81.06146,Kenya,0.56,135.00,510.00,90.88,20.81,27.81,34.12,62.11,72.13147,Pakistan,0.55,130.00,178.00,38.74,20.05,26.48,46.13,24.31,82.24148,Swaziland,0.57,137.00,389.00,70.42,14.74,27.33,30.48,40.04,64.15149,Syrian Arab Republic,0.55,133.00,68.00,39.45,12.40,34.78,43.41,12.17,70.85150,Angola,..,..,477.00,164.27,36.82,..,..,59.88,77.14151,Tanzania (United Republic of),0.54,129.00,398.00,118.55,36.00,10.09,15.26,74.01,83.29152,Nigeria,..,..,814.00,110.60,5.77,..,..,48.41,63.99153,Cameroon,0.57,138.00,596.00,104.61,27.14,31.66,37.93,70.98,81.11154,Papua New Guinea,0.59,143.00,215.00,54.84,2.70,8.80,14.75,69.60,71.05154,Zimbabwe,0.54,126.00,443.00,109.67,35.14,51.92,64.73,77.75,87.31156,Solomon Islands,..,..,114.00,48.43,2.00,..,..,61.13,73.52157,Mauritania,0.63,147.00,602.00,78.64,22.17,11.09,23.46,29.10,65.31158,Madagascar,..,..,353.00,116.16,20.53,..,..,83.85,89.09159,Rwanda,0.38,84.00,290.00,26.34,57.55,10.46,16.42,86.41,83.19160,Comoros,..,..,335.00,68.33,3.03,..,..,35.32,79.38160,Lesotho,0.55,132.00,487.00,92.73,24.84,23.55,22.49,59.25,73.89162,Senegal,0.52,120.00,315.00,78.57,42.67,10.22,19.24,45.01,70.16163,Haiti,0.59,142.00,359.00,39.28,3.48,25.68,38.72,61.50,71.36163,Uganda,0.52,121.00,343.00,111.90,34.97,25.91,32.12,82.32,87.67165,Sudan,0.57,140.00,311.00,74.04,31.04,13.70,18.85,24.26,72.16166,Togo,0.56,134.00,368.00,92.01,17.58,23.14,36.12,81.10,80.63167,Benin,0.61,144.00,405.00,83.18,7.23,15.77,30.85,69.98,73.40168,Yemen,0.77,159.00,385.00,61.46,0.49,15.63,33.17,25.83,73.12169,Afghanistan,0.67,154.00,396.00,73.97,27.44,8.77,35.40,19.05,83.65170,Malawi,0.61,145.00,634.00,136.16,16.67,14.95,24.24,81.21,80.77171,Côte d'Ivoire,0.67,155.00,645.00,135.55,9.16,16.57,32.75,52.35,80.87172,Djibouti,..,..,229.00,21.50,12.73,..,..,36.50,68.14173,Gambia,0.64,148.00,706.00,113.02,9.43,25.32,39.10,72.19,82.71174,Ethiopia,0.50,116.00,353.00,58.37,37.29,10.78,20.72,76.99,89.06175,Mali,0.69,156.00,587.00,174.59,8.84,7.34,16.16,50.06,82.26176,Congo (Democratic Republic of the),0.66,153.00,693.00,122.61,8.17,14.48,34.97,70.49,71.77177,Liberia,0.65,150.00,725.00,108.84,10.68,17.31,39.70,57.95,63.92178,Guinea-Bissau,..,..,549.00,89.46,13.73,..,..,67.24,78.32179,Eritrea,..,..,501.00,54.34,22.00,..,..,77.69,90.24179,Sierra Leone,0.65,151.00,1360.00,118.17,12.40,16.79,29.71,65.04,68.56181,Mozambique,0.57,139.00,489.00,139.73,39.60,2.76,8.04,82.46,75.38181,South Sudan,..,..,789.00,65.87,24.35,..,..,71.18,75.33183,Guinea,..,..,679.00,140.62,21.93,..,..,79.47,85.15184,Burundi,0.47,108.00,712.00,28.26,37.80,7.06,9.59,84.64,82.66185,Burkina Faso,0.62,146.00,371.00,108.53,9.45,5.96,11.54,76.64,90.66186,Chad,0.69,157.00,856.00,133.46,14.89,1.66,9.86,64.01,79.26187,Niger,0.70,157.00,553.00,202.38,13.27,3.61,8.43,40.23,89.42188,Central African Republic,0.65,149.00,882.00,91.94,12.50,12.34,29.82,71.70,84.58