HDI rank,Country,Rank (2015),"Maternal mortality ratio (deaths per 100,000 live births)","Adolescent birth rate (births per 1,000 women ages 15-19)",Share of seats in parliament (% held by women),% Female population with at least some secondary education,% Male population with at least some secondary education,Female Labour force participation rate,Male Labour force participation rate1,Norway,6,5,5.9,39.64,96.07,94.6,61.18,68.532,Australia,24,6,14.13,30.53,91.37,91.53,58.57,70.923,Switzerland,1,5,2.95,28.86,96.07,97.36,62.68,74.854,Germany,9,6,6.69,36.86,96.38,96.96,54.53,66.435,Denmark,2,6,4.04,37.43,89.08,98.53,58.04,66.166,Singapore,11,10,3.82,23.91,75.52,81.92,58.24,76.437,Netherlands,3,7,3.99,36.44,86.18,90.28,57.53,70.248,Ireland,26,8,10.43,19.91,86.76,82.22,52.38,67.829,Iceland,5,3,6.07,41.27,100,97.18,70.66,77.510,Canada,18,7,9.77,28.27,100,100,60.97,70.2811,United States,43,14,22.63,19.48,95.43,95.08,56.01,68.4312,"Hong Kong, China (SAR)",,,3.2,,80.87,74.66,53.35,68.4513,New Zealand,34,11,23.6,31.4,98.8,98.69,62.44,73.0814,Sweden,4,4,5.66,43.55,87.77,88.26,60.86,68.2415,Liechtenstein,,,,20,,,,16,United Kingdom,28,9,14.64,26.75,81.34,84.57,56.92,68.7117,Japan,21,5,4.07,11.58,93.04,90.64,49.12,70.1618,Korea (Republic of),10,11,1.62,16.33,88.84,94.56,50.01,71.8219,Israel,20,5,9.69,26.67,87.3,90.33,58.86,69.3720,Luxembourg,13,10,5.94,28.33,100.58,99.43,52.2,66.1121,France,19,8,8.93,25.73,79.72,85.51,50.72,60.0522,Belgium,12,7,8.22,42.38,80.15,84.68,48.21,59.2623,Finland,8,3,6.52,41.5,100,100,55.03,62.1424,Austria,14,4,7.08,30.33,98.67,99.2,54.73,66.0325,Slovenia,6,9,3.78,27.69,96.46,98.28,52.18,62.9626,Italy,16,4,6.01,30.07,79.09,83.3,39.31,58.1427,Spain,15,5,8.42,37.99,70.89,76.71,52.35,64.7728,Czech Republic,27,4,9.91,19.57,99.81,99.81,51.1,68.2229,Greece,23,3,7.45,19.67,63.68,71.67,43.94,59.9730,Brunei Darussalam,,23,20.95,,67.65,69.55,50.95,75.3331,Estonia,28,9,13.05,23.76,100,100,55.45,69.5332,Andorra,,,,39.29,72.03,73.66,,33,Cyprus,21,7,4.99,12.5,77.01,82.67,57.47,70.1634,Malta,44,9,16.61,12.86,72.69,81.16,38.81,65.9735,Qatar,127,13,10.69,0,70.91,67.79,53.65,94.2136,Poland,30,3,13.4,24.82,81.08,86.94,49.14,65.2637,Lithuania,25,10,11,23.4,91.05,95.62,53.91,65.4638,Chile,65,22,47.81,15.82,76.11,76.89,50.66,74.6339,Saudi Arabia,50,12,8.82,19.87,63.31,72.13,20.06,79.1340,Slovakia,39,6,20.17,18.67,99.2,99.5,51.4,68.3241,Portugal,17,10,9.87,34.78,50.78,52.22,53.58,64.1742,United Arab Emirates,46,6,29.66,22.5,77.42,64.49,41.9,91.5643,Hungary,49,17,17.96,10.1,95.56,97.89,46.41,62.5144,Latvia,41,18,13.63,18,99.31,98.85,54.37,67.7245,Argentina,77,52,63.82,37.08,63.51,61.36,48.39,74.4746,Croatia,31,8,9.55,15.23,92,96.05,46.41,58.7347,Bahrain,48,15,13.48,15,61.58,55.56,39.2,85.3948,Montenegro,33,7,12.25,17.28,86.91,96.23,41.95,56.1249,Russian Federation,52,25,23.43,14.52,94.61,94.74,56.64,71.6850,Romania,72,31,34.58,11.95,86.12,92.24,47.57,64.9151,Kuwait,70,4,9.8,1.54,56.78,58.07,48.39,84.4652,Belarus,32,4,18.2,29.17,87,92.21,54.51,68.2253,Oman,54,17,8.06,8.24,59.78,57.13,30.05,85.6354,Barbados,59,27,40.68,19.61,93.02,90.58,62.35,70.7155,Uruguay,55,15,56.15,19.23,54.97,51.58,55.42,76.3256,Bulgaria,45,11,37.71,20.42,93.07,95.54,48.61,60.1457,Kazakhstan,42,12,27.89,20.13,99.68,100,66.07,76.9858,Bahamas,77,80,29.61,16.67,87.36,87.64,69.43,79.1459,Malaysia,59,40,13.56,13.24,75.42,79.07,49.27,77.6260,Palau,,,,10.34,,,,61,Panama,100,94,74.53,18.31,70.08,66.13,50.53,80.4662,Antigua and Barbuda,,,44.77,25.71,,,,63,Seychelles,,,57.42,43.75,,,,64,Mauritius,82,53,28.46,11.59,56.95,61.98,46.78,74.8765,Trinidad and Tobago,67,63,31.5,31.51,70.58,68.36,52.58,73.5766,Costa Rica,63,25,56.53,33.33,54.5,53.84,46.78,76.5667,Serbia,40,17,19.01,34,82.34,91.59,43.37,60.0968,Cuba,62,39,45.64,48.86,83.91,86.71,42.55,68.6569,Iran (Islamic Republic of),118,25,26.72,3.1,66.78,70.22,16.17,72.7370,Georgia,76,36,39.73,11.33,96.13,97.41,57.27,78.4171,Turkey,69,16,27.61,14.91,43.48,64.77,30.35,71.4472,Venezuela (Bolivarian Republic of),101,95,79.36,16.97,72.56,64.96,51.43,78.473,Sri Lanka,87,30,14.76,4.89,80.18,80.55,30.23,75.6474,Saint Kitts and Nevis,,,,13.33,,,,75,Albania,51,29,21.66,20.71,90.2,90.45,40.33,60.6676,Lebanon,83,15,12.42,3.13,53.02,55.39,23.46,70.2677,Mexico,73,38,62.83,40.58,56.06,59.04,45.38,79.578,Azerbaijan,68,25,59.78,16.94,93.85,97.52,61.86,68.3279,Brazil,92,44,67.03,10.77,59.09,55.17,56.31,78.5280,Grenada,,27,30.53,25,,,,81,Bosnia and Herzegovina,34,11,8.64,19.3,69.49,87.45,34.43,58.0282,The former Yugoslav Republic of Macedonia,36,8,17.56,33.33,40.16,55.6,43.89,68.1183,Algeria,94,140,10.63,25.74,34.14,35.73,16.82,70.4484,Armenia,61,25,22.99,10.69,98.47,98.07,54.89,73.5885,Ukraine,55,24,24.12,12.09,94.35,95.98,52.16,67.3886,Jordan,111,58,23.2,11.56,78.45,82.74,14.24,64.3687,Peru,86,68,49.06,22.31,56.2,66.96,65.73,82.6188,Thailand,79,20,44.62,6.09,40.91,45.8,62.94,80.1889,Ecuador,88,64,75.89,41.61,48.24,49.36,48.95,79.790,China,37,27,7.31,23.62,69.81,79.42,63.58,77.9391,Fiji,75,30,44.81,16,73.88,66.48,37.03,71.2992,Mongolia,53,44,15.67,14.47,89.67,85.83,56.47,68.7993,Saint Lucia,74,48,53.91,20.69,48.24,41.99,63.05,76.4894,Jamaica,93,89,59.67,16.67,67.07,59.38,57.67,72.295,Colombia,89,64,50.18,20.9,50.27,59.6,57.92,79.8196,Dominica,,,,21.88,,,,97,Suriname,99,155,46.13,25.49,57.72,56.79,40.51,68.6398,Tunisia,58,62,6.8,31.34,37.53,49.94,25.08,71.2999,Dominican Republic,107,92,97.89,19.07,57.18,55.48,52.26,78.7100,Saint Vincent and the Grenadines,,45,51.03,13.04,,,56.31,77.18101,Tonga,152,124,15.15,0,91.25,91.11,52.78,74.05102,Libya,38,9,6.19,15.96,65.65,44.22,27.83,78.75103,Belize,81,28,65.9,13.33,77.89,77.35,56.28,83.64104,Samoa,97,51,24.95,6.12,77.81,70.39,23.13,58.01105,Maldives,64,68,6.75,5.88,34.3,30.87,57.29,78.83106,Uzbekistan,57,36,17.71,16.4,99.86,99.92,48.34,76.17107,Moldova (Republic of),46,23,22.63,21.78,95.21,97.31,38.76,45.63108,Botswana,95,129,32.31,9.52,85.12,86.69,73.45,81.32109,Gabon,127,291,99.95,15.98,62.3,45.94,39.89,57.53110,Paraguay,104,132,57.42,16.8,46.23,47.05,58.07,84.56111,Egypt,135,33,51.88,2.18,54.53,68.2,22.76,76.08112,Turkmenistan,,42,16.37,25.81,,,47.25,77.55113,Indonesia,105,126,49.63,17.12,42.93,51.74,50.88,83.85114,"Palestine, State of",,45,58.62,,56.27,61.24,17.82,69.11115,Viet Nam,71,54,38.63,24.3,63.97,76.72,73.78,83.16116,Philippines,96,114,61.71,27.07,72.84,70.27,50.52,78.83117,El Salvador,85,54,65.24,32.14,39.44,44.84,49.11,79.16118,Bolivia (Plurinational State of),98,206,70.79,51.81,49.61,58.73,63.88,82.54119,South Africa,90,138,45.51,41.19,73.7,76.23,46.22,60.22120,Kyrgyzstan,90,76,39.6,19.17,100,99.93,49.4,77.05121,Iraq,123,50,84.04,26.52,35.79,55.48,15.1,69.73122,Cabo Verde,,42,73.41,20.83,,,53.18,84.15123,Morocco,113,121,31.72,15.73,25.74,33.24,25.33,74.33124,Nicaragua,103,150,88.84,41.3,45.73,44.06,49.13,80.35125,Guatemala,113,88,80.75,13.92,37.38,36.24,41.25,83.59126,Namibia,108,265,76.81,37.69,38.09,39.05,55.71,63.33127,Guyana,117,229,88,30.43,68.14,53.24,41.79,77.18128,Micronesia (Federated States of),,100,14.98,0,,,,129,Tajikistan,65,32,38.07,14.74,98.05,88.24,59.45,77.51130,Honduras,101,129,64.96,25.78,33.38,31.08,47.17,84.43131,India,125,174,24.48,12.21,35.33,61.4,26.8,79.11132,Bhutan,110,148,21.44,8.33,5.84,13.45,58.71,72.77133,Timor-Leste,,215,46.6,38.46,,,26.77,55.52134,Vanuatu,,78,43.09,0,,,61.64,80.52135,Congo,141,442,117.68,11.54,44.98,49.95,67.06,72.62136,Equatorial Guinea,,342,108.66,19.65,,,71.32,92.02137,Kiribati,,90,17.17,8.7,,,,138,Lao People's Democratic Republic,106,197,64.14,25,30.42,42.84,77.72,77.04139,Bangladesh,119,176,83.02,20,42.01,44.26,43.13,80.98140,Ghana,131,319,66.81,10.91,51.84,68.51,75.48,78.52141,Zambia,124,224,90.44,12.66,52.33,48.87,69.82,80.89142,Sao Tome and Principe,122,156,84.31,18.18,30.83,44.82,45.29,76.19143,Cambodia,112,161,51.61,19.02,13.17,26.11,75.53,86.72144,Nepal,115,258,71.91,29.55,24.1,41.24,79.66,86.77145,Myanmar,80,178,16.48,13.03,27.15,20.01,75.13,81.06146,Kenya,135,510,90.88,20.81,27.81,34.12,62.11,72.13147,Pakistan,130,178,38.74,20.05,26.48,46.13,24.31,82.24148,Swaziland,137,389,70.42,14.74,27.33,30.48,40.04,64.15149,Syrian Arab Republic,133,68,39.45,12.4,34.78,43.41,12.17,70.85150,Angola,,477,164.27,36.82,,,59.88,77.14151,Tanzania (United Republic of),129,398,118.55,36,10.09,15.26,74.01,83.29152,Nigeria,,814,110.6,5.77,,,48.41,63.99153,Cameroon,138,596,104.61,27.14,31.66,37.93,70.98,81.11154,Papua New Guinea,143,215,54.84,2.7,8.8,14.75,69.6,71.05155,Zimbabwe,126,443,109.67,35.14,51.92,64.73,77.75,87.31156,Solomon Islands,,114,48.43,2,,,61.13,73.52157,Mauritania,147,602,78.64,22.17,11.09,23.46,29.1,65.31158,Madagascar,,353,116.16,20.53,,,83.85,89.09159,Rwanda,84,290,26.34,57.55,10.46,16.42,86.41,83.19160,Comoros,,335,68.33,3.03,,,35.32,79.38161,Lesotho,132,487,92.73,24.84,23.55,22.49,59.25,73.89162,Senegal,120,315,78.57,42.67,10.22,19.24,45.01,70.16163,Haiti,142,359,39.28,3.48,25.68,38.72,61.5,71.36164,Uganda,121,343,111.9,34.97,25.91,32.12,82.32,87.67165,Sudan,140,311,74.04,31.04,13.7,18.85,24.26,72.16166,Togo,134,368,92.01,17.58,23.14,36.12,81.1,80.63167,Benin,144,405,83.18,7.23,15.77,30.85,69.98,73.4168,Yemen,159,385,61.46,0.49,15.63,33.17,25.83,73.12169,Afghanistan,154,396,73.97,27.44,8.77,35.4,19.05,83.65170,Malawi,145,634,136.16,16.67,14.95,24.24,81.21,80.77171,Cote d'lvoire,155,645,135.55,9.16,16.57,32.75,52.35,80.87172,Djibouti,,229,21.5,12.73,,,36.5,68.14173,Gambia,148,706,113.02,9.43,25.32,39.1,72.19,82.71174,Ethiopia,116,353,58.37,37.29,10.78,20.72,76.99,89.06175,Mali,156,587,174.59,8.84,7.34,16.16,50.06,82.26176,Congo (Democratic Republic of the),153,693,122.61,8.17,14.48,34.97,70.49,71.77177,Liberia,150,725,108.84,10.68,17.31,39.7,57.95,63.92178,Guinea-Bissau,,549,89.46,13.73,,,67.24,78.32179,Eritrea,,501,54.34,22,,,77.69,90.24180,Sierra Leone,151,1360,118.17,12.4,16.79,29.71,65.04,68.56181,Mozambique,139,489,139.73,39.6,2.76,8.04,82.46,75.38182,South Sudan,,789,65.87,24.35,,,71.18,75.33183,Guinea,,679,140.62,21.93,,,79.47,85.15184,Burundi,108,712,28.26,37.8,7.06,9.59,84.64,82.66185,Burkina Faso,146,371,108.53,9.45,5.96,11.54,76.64,90.66186,Chad,157,856,133.46,14.89,1.66,9.86,64.01,79.26187,Niger,157,553,202.38,13.27,3.61,8.43,40.23,89.42188,Central African Republic,149,882,91.94,12.5,12.34,29.82,71.7,84.58